date,open,high,low,close,volume
2015-01-01 00:00:00+05:30,492.23748779296875,495.5,489.2250061035156,493.6000061035156,2002764
2015-01-02 00:00:00+05:30,493.0,504.76251220703125,493.0,503.29998779296875,6778320
2015-01-05 00:00:00+05:30,502.4750061035156,507.5,494.375,498.9750061035156,9937024
2015-01-06 00:00:00+05:30,495.0,496.25,483.5249938964844,488.54998779296875,9667316
2015-01-07 00:00:00+05:30,491.25,493.6875,487.5,490.88751220703125,7249916
2015-01-08 00:00:00+05:30,496.3999938964844,499.25,487.5,493.36248779296875,13564920
2015-01-09 00:00:00+05:30,495.0249938964844,527.25,478.26251220703125,518.6124877929688,44863328
2015-01-12 00:00:00+05:30,523.0,529.7999877929688,518.75,528.9874877929688,12758888
2015-01-13 00:00:00+05:30,526.9500122070312,526.9500122070312,518.75,522.2249755859375,8801236
2015-01-14 00:00:00+05:30,524.625,533.25,523.1500244140625,532.1624755859375,9921260
2015-01-15 00:00:00+05:30,533.7999877929688,538.2000122070312,528.0625,533.5625,8342452
2015-01-16 00:00:00+05:30,537.0,540.0,528.0,529.5750122070312,6690960
2015-01-19 00:00:00+05:30,530.0,533.0875244140625,523.6500244140625,525.625,4087744
2015-01-20 00:00:00+05:30,526.75,533.25,525.3624877929688,531.0499877929688,6804504
2015-01-21 00:00:00+05:30,532.875,543.9874877929688,529.5,542.4749755859375,8494908
2015-01-22 00:00:00+05:30,543.7000122070312,550.75,540.3250122070312,549.1124877929688,9958396
2015-01-23 00:00:00+05:30,550.0,556.25,541.2750244140625,553.7625122070312,9486328
2015-01-27 00:00:00+05:30,555.25,555.25,532.5250244140625,534.125,13739968
2015-01-28 00:00:00+05:30,537.5,538.7000122070312,532.5750122070312,536.1375122070312,13134356
2015-01-29 00:00:00+05:30,536.25,537.4749755859375,531.9000244140625,536.375,15369424
2015-01-30 00:00:00+05:30,540.375,540.6375122070312,531.7374877929688,535.4749755859375,10833744
2015-02-02 00:00:00+05:30,535.375,538.0,531.5125122070312,534.2125244140625,8702540
2015-02-03 00:00:00+05:30,534.2125244140625,534.9874877929688,525.5,530.2249755859375,5265956
2015-02-04 00:00:00+05:30,534.9749755859375,537.5,531.5999755859375,535.7125244140625,5160016
2015-02-05 00:00:00+05:30,537.7000122070312,555.0,537.0,548.4500122070312,11875936
2015-02-06 00:00:00+05:30,551.25,561.9500122070312,547.125,557.625,7453728
2015-02-09 00:00:00+05:30,550.0,563.5,550.0,562.2249755859375,6536868
2015-02-10 00:00:00+05:30,560.75,574.5,560.25,569.5750122070312,8516920
2015-02-11 00:00:00+05:30,570.125,573.2999877929688,564.0625,571.2125244140625,5796972
2015-02-12 00:00:00+05:30,570.75,580.4874877929688,568.25,577.7999877929688,6287536
2015-02-13 00:00:00+05:30,574.9000244140625,581.6749877929688,571.5,574.0250244140625,5657516
2015-02-16 00:00:00+05:30,570.0750122070312,576.7249755859375,566.3125,569.6875,6244276
2015-02-18 00:00:00+05:30,572.6375122070312,576.2374877929688,564.5374755859375,574.125,8613764
2015-02-19 00:00:00+05:30,573.5,583.5,573.0125122070312,581.1749877929688,9673624
2015-02-20 00:00:00+05:30,582.125,584.0,569.2249755859375,570.7750244140625,6971628
2015-02-23 00:00:00+05:30,575.0,577.2999877929688,562.0250244140625,566.4000244140625,5090488
2015-02-24 00:00:00+05:30,569.75,573.9874877929688,564.4000244140625,568.2000122070312,6437676
2015-02-25 00:00:00+05:30,572.2249755859375,583.7000122070312,570.0,579.4000244140625,6044972
2015-02-26 00:00:00+05:30,576.875,577.25,561.3499755859375,564.5250244140625,6445776
2015-02-27 00:00:00+05:30,568.7249755859375,570.1624755859375,562.875,566.4375,7801076
2015-03-02 00:00:00+05:30,575.75,577.125,569.5125122070312,572.9249877929688,7040992
2015-03-03 00:00:00+05:30,572.5,575.7374877929688,569.5750122070312,574.4625244140625,4905552
2015-03-04 00:00:00+05:30,575.0,578.4749755859375,562.9749755859375,568.6624755859375,4375228
2015-03-05 00:00:00+05:30,566.7625122070312,574.6875,558.3375244140625,561.9000244140625,5684916
2015-03-09 00:00:00+05:30,564.75,564.75,544.75,547.5125122070312,7984720
2015-03-10 00:00:00+05:30,549.5250244140625,551.7374877929688,540.0499877929688,549.5,6329916
2015-03-11 00:00:00+05:30,548.5250244140625,560.0,542.2750244140625,545.5499877929688,6780912
2015-03-12 00:00:00+05:30,544.75,556.6124877929688,544.25,554.5750122070312,5688564
2015-03-13 00:00:00+05:30,556.25,557.5,548.0999755859375,555.0999755859375,6179684
2015-03-16 00:00:00+05:30,552.6375122070312,570.5,552.6375122070312,566.6624755859375,6818632
2015-03-17 00:00:00+05:30,566.6624755859375,569.875,554.3125,560.125,5539312
2015-03-18 00:00:00+05:30,563.625,565.7125244140625,555.6375122070312,557.375,4905564
2015-03-19 00:00:00+05:30,558.6500244140625,562.25,555.6875,557.6124877929688,6891740
2015-03-20 00:00:00+05:30,560.25,567.2249755859375,558.2374877929688,564.3624877929688,6430896
2015-03-23 00:00:00+05:30,563.25,568.75,556.375,558.3624877929688,5078700
2015-03-24 00:00:00+05:30,558.7249755859375,563.3499755859375,551.5,552.8624877929688,6736532
2015-03-25 00:00:00+05:30,555.7249755859375,557.2874755859375,550.1875,554.7750244140625,6170968
2015-03-26 00:00:00+05:30,552.0,553.7249755859375,533.0,536.5875244140625,15740840
2015-03-27 00:00:00+05:30,541.0,556.1749877929688,540.75,550.5374755859375,10074220
2015-03-30 00:00:00+05:30,551.4000244140625,560.0,548.7249755859375,557.0,4623088
2015-03-31 00:00:00+05:30,561.25,568.4124755859375,551.0875244140625,554.5875244140625,8016412
2015-04-01 00:00:00+05:30,549.7249755859375,549.875,539.4249877929688,543.4874877929688,6738488
2015-04-06 00:00:00+05:30,544.75,546.1749877929688,540.0999755859375,544.5499877929688,7741752
2015-04-07 00:00:00+05:30,543.75,545.7000122070312,534.5,539.875,8542268
2015-04-08 00:00:00+05:30,545.625,551.2249755859375,543.2625122070312,550.1375122070312,10185576
2015-04-09 00:00:00+05:30,552.8499755859375,554.7249755859375,546.0999755859375,553.75,10581548
2015-04-10 00:00:00+05:30,552.5499877929688,559.5,552.5499877929688,558.4874877929688,7123776
2015-04-13 00:00:00+05:30,559.5,561.0,554.0250244140625,559.7000122070312,4872336
2015-04-15 00:00:00+05:30,559.125,561.25,548.7625122070312,553.4249877929688,6237784
2015-04-16 00:00:00+05:30,555.5,557.75,540.125,548.6624755859375,9007812
2015-04-17 00:00:00+05:30,545.0125122070312,548.7374877929688,538.3624877929688,544.8125,6450316
2015-04-20 00:00:00+05:30,544.0,545.0,528.7874755859375,533.0374755859375,12825384
2015-04-21 00:00:00+05:30,537.0,538.7750244140625,530.0250244140625,535.6500244140625,8881648
2015-04-22 00:00:00+05:30,537.7625122070312,538.75,524.4874877929688,534.4249877929688,12350984
2015-04-23 00:00:00+05:30,537.1749877929688,537.5,528.0,530.5,11891800
2015-04-24 00:00:00+05:30,533.9749755859375,537.5499877929688,495.0,498.79998779296875,43565452
2015-04-27 00:00:00+05:30,500.0,500.5,487.0249938964844,496.1625061035156,19822640
2015-04-28 00:00:00+05:30,495.5,495.5,488.0,490.2250061035156,10393500
2015-04-29 00:00:00+05:30,490.2250061035156,493.0,484.48748779296875,490.2875061035156,8289056
2015-04-30 00:00:00+05:30,490.0,491.25,483.07501220703125,485.5625,13134260
2015-05-04 00:00:00+05:30,489.875,500.0,487.4750061035156,498.2749938964844,13361592
2015-05-05 00:00:00+05:30,500.0,500.92498779296875,488.01251220703125,490.6875,9408516
2015-05-06 00:00:00+05:30,493.75,493.75,478.82501220703125,480.51251220703125,10508408
2015-05-07 00:00:00+05:30,480.5,491.7749938964844,477.5,486.0,6779984
2015-05-08 00:00:00+05:30,489.5,491.88751220703125,486.3125,489.48748779296875,5777676
2015-05-11 00:00:00+05:30,491.25,500.0,488.04998779296875,498.4125061035156,4785512
2015-05-12 00:00:00+05:30,498.4125061035156,498.6499938964844,485.5,486.7749938964844,8284892
2015-05-13 00:00:00+05:30,487.9375,491.2250061035156,482.125,489.17498779296875,7099084
2015-05-14 00:00:00+05:30,490.0,490.20001220703125,477.0,483.70001220703125,6233844
2015-05-15 00:00:00+05:30,483.75,491.6499938964844,483.07501220703125,490.4375,5189344
2015-05-18 00:00:00+05:30,492.5,499.7250061035156,490.3999938964844,498.26251220703125,6469976
2015-05-19 00:00:00+05:30,496.82501220703125,508.92498779296875,496.5,505.5874938964844,10272076
2015-05-20 00:00:00+05:30,510.0,513.0,508.3999938964844,511.82501220703125,5882188
2015-05-21 00:00:00+05:30,512.2249755859375,515.4749755859375,509.3125,512.1124877929688,10059312
2015-05-22 00:00:00+05:30,511.0,512.8875122070312,507.5249938964844,511.61248779296875,6888824
2015-05-25 00:00:00+05:30,512.625,514.1375122070312,501.76251220703125,504.20001220703125,4675808
2015-05-26 00:00:00+05:30,505.0,507.86248779296875,500.5375061035156,501.82501220703125,3965040
2015-05-27 00:00:00+05:30,501.75,502.25,488.75,492.125,8454708
2015-05-28 00:00:00+05:30,493.79998779296875,508.0,493.79998779296875,504.1499938964844,10980540
2015-05-29 00:00:00+05:30,501.2124938964844,514.1124877929688,500.25,505.7875061035156,18993044
2015-06-01 00:00:00+05:30,508.20001220703125,516.0,505.8125,511.95001220703125,5724892
2015-06-02 00:00:00+05:30,512.0250244140625,513.7750244140625,501.25,502.1625061035156,4673140
2015-06-03 00:00:00+05:30,504.54998779296875,509.86248779296875,502.0,505.2250061035156,5495796
2015-06-04 00:00:00+05:30,507.5,513.75,503.1499938964844,507.01251220703125,7489464
2015-06-05 00:00:00+05:30,507.5,511.0,502.0375061035156,502.9125061035156,6125788
2015-06-08 00:00:00+05:30,505.0,506.1625061035156,496.75,500.01251220703125,6141048
2015-06-09 00:00:00+05:30,500.9375,501.9125061035156,495.75,498.0249938964844,7561740
2015-06-10 00:00:00+05:30,497.5,509.8374938964844,496.25,506.625,6385840
2015-06-11 00:00:00+05:30,508.98748779296875,511.1875,498.76251220703125,499.4125061035156,9229464
2015-06-12 00:00:00+05:30,501.25,506.38751220703125,488.875,493.76251220703125,9852924
2015-06-15 00:00:00+05:30,488.4750061035156,499.3999938964844,484.0,495.2250061035156,5236426
2015-06-16 00:00:00+05:30,497.17498779296875,501.5,492.5,499.67498779296875,5223444
2015-06-17 00:00:00+05:30,505.5,510.5,496.1000061035156,497.8500061035156,6412068
2015-06-18 00:00:00+05:30,502.79998779296875,503.9750061035156,497.8999938964844,500.9750061035156,3474426
2015-06-19 00:00:00+05:30,505.1499938964844,505.20001220703125,496.54998779296875,497.67498779296875,6670458
2015-06-22 00:00:00+05:30,502.45001220703125,514.375,498.5,511.92498779296875,5710868
2015-06-23 00:00:00+05:30,512.5,513.7000122070312,499.07501220703125,500.20001220703125,6952116
2015-06-24 00:00:00+05:30,507.5,507.5,495.6000061035156,497.54998779296875,7073694
2015-06-25 00:00:00+05:30,499.6000061035156,501.75,493.82501220703125,495.2250061035156,7117466
2015-06-26 00:00:00+05:30,499.5,505.79998779296875,499.04998779296875,502.625,5320284
2015-06-29 00:00:00+05:30,493.5,499.75,491.25,495.07501220703125,5690668
2015-06-30 00:00:00+05:30,495.0,496.7250061035156,490.0,492.17498779296875,6212530
2015-07-01 00:00:00+05:30,494.5,502.5,493.0,498.70001220703125,6880852
2015-07-02 00:00:00+05:30,499.5,500.70001220703125,492.5249938964844,494.0,4007568
2015-07-03 00:00:00+05:30,494.0,496.5,491.0,495.1499938964844,2695306
2015-07-06 00:00:00+05:30,492.5,494.0,487.5,491.6499938964844,4305602
2015-07-07 00:00:00+05:30,492.5,495.0,489.5,490.25,3497418
2015-07-08 00:00:00+05:30,489.5,489.5,477.3999938964844,478.75,7024178
2015-07-09 00:00:00+05:30,478.75,483.0,467.0249938964844,469.0,8587772
2015-07-10 00:00:00+05:30,474.04998779296875,476.04998779296875,466.32501220703125,468.75,7411522
2015-07-13 00:00:00+05:30,470.5,477.5,467.0249938964844,475.07501220703125,6531768
2015-07-14 00:00:00+05:30,477.5,486.75,472.75,485.625,5367074
2015-07-15 00:00:00+05:30,485.0,492.9750061035156,484.0,492.0,4129566
2015-07-16 00:00:00+05:30,493.8500061035156,495.75,489.75,494.5249938964844,3472938
2015-07-17 00:00:00+05:30,495.5,502.25,494.54998779296875,500.92498779296875,3447978
2015-07-20 00:00:00+05:30,500.70001220703125,505.3999938964844,493.70001220703125,500.625,4377180
2015-07-21 00:00:00+05:30,517.5,574.5,517.5,556.3250122070312,38310112
2015-07-22 00:00:00+05:30,552.5,556.0,538.3250122070312,551.5750122070312,12665660
2015-07-23 00:00:00+05:30,551.9749755859375,558.5,545.0,549.0,7710748
2015-07-24 00:00:00+05:30,547.7750244140625,553.2249755859375,541.5499877929688,543.7999877929688,4480302
2015-07-27 00:00:00+05:30,543.4500122070312,543.9749755859375,530.2249755859375,532.6500244140625,6752244
2015-07-28 00:00:00+05:30,534.25,538.0,527.125,531.4249877929688,8476602
2015-07-29 00:00:00+05:30,537.0,546.0,532.5,542.7000122070312,7071334
2015-07-30 00:00:00+05:30,545.0,545.0,529.0,535.0,11956598
2015-07-31 00:00:00+05:30,539.2750244140625,540.6749877929688,530.0,538.5250244140625,7931012
2015-08-03 00:00:00+05:30,539.0,546.0,534.4749755859375,539.4749755859375,7961012
2015-08-04 00:00:00+05:30,539.0,539.4749755859375,525.5,528.625,9099054
2015-08-05 00:00:00+05:30,531.0,545.0,530.9749755859375,543.1749877929688,4753476
2015-08-06 00:00:00+05:30,547.0,552.75,538.5,543.4749755859375,7238252
2015-08-07 00:00:00+05:30,539.75,550.5,539.25,547.7999877929688,4988058
2015-08-10 00:00:00+05:30,549.0,553.1749877929688,533.5,543.0,3992754
2015-08-11 00:00:00+05:30,549.4000244140625,558.4500122070312,547.8499755859375,554.5750122070312,7574406
2015-08-12 00:00:00+05:30,557.5,574.5,555.5,572.2000122070312,10168440
2015-08-13 00:00:00+05:30,573.5,583.4249877929688,527.7750244140625,579.0,9787960
2015-08-14 00:00:00+05:30,582.5,584.3499755859375,571.5499877929688,574.625,5109066
2015-08-17 00:00:00+05:30,575.0,576.7249755859375,561.25,571.0750122070312,3107436
2015-08-18 00:00:00+05:30,575.0,588.8499755859375,575.0,582.1749877929688,4150446
2015-08-19 00:00:00+05:30,585.0,593.0999755859375,581.4000244140625,587.7750244140625,6869518
2015-08-20 00:00:00+05:30,579.5,584.25,564.0,567.2750244140625,8369114
2015-08-21 00:00:00+05:30,570.4500122070312,580.4749755859375,558.75,574.9500122070312,10822142
2015-08-24 00:00:00+05:30,554.9749755859375,561.5,539.2999877929688,546.0250244140625,14122684
2015-08-25 00:00:00+05:30,550.0,559.5,522.25,542.8250122070312,13735078
2015-08-26 00:00:00+05:30,544.9000244140625,548.5,529.5,532.2999877929688,11498212
2015-08-27 00:00:00+05:30,544.0,550.0499877929688,539.0250244140625,541.4000244140625,15343392
2015-08-28 00:00:00+05:30,550.7999877929688,562.4500122070312,550.7999877929688,555.5250244140625,7208820
2015-08-31 00:00:00+05:30,567.4249877929688,567.4249877929688,541.25,547.2000122070312,9917064
2015-09-01 00:00:00+05:30,545.0,557.2999877929688,541.0,544.5,9071550
2015-09-02 00:00:00+05:30,549.0,557.5,545.0,549.7249755859375,11171830
2015-09-03 00:00:00+05:30,555.0750122070312,556.0,546.25,549.6749877929688,8590536
2015-09-04 00:00:00+05:30,551.5,555.5,533.5,536.9749755859375,7318888
2015-09-07 00:00:00+05:30,542.4749755859375,542.5,527.5,529.375,5180988
2015-09-08 00:00:00+05:30,531.0,537.0,526.1500244140625,529.4000244140625,5459496
2015-09-09 00:00:00+05:30,543.5499877929688,549.7999877929688,536.0,544.3499755859375,9148664
2015-09-10 00:00:00+05:30,542.4500122070312,545.75,530.5,540.2249755859375,8363004
2015-09-11 00:00:00+05:30,545.7750244140625,553.2000122070312,542.75,545.375,9883810
2015-09-14 00:00:00+05:30,549.5,552.0,541.3250122070312,549.875,6557076
2015-09-15 00:00:00+05:30,549.7000122070312,551.5999755859375,544.0750122070312,549.5999755859375,5291886
2015-09-16 00:00:00+05:30,554.0,554.875,549.1500244140625,550.8250122070312,7478240
2015-09-18 00:00:00+05:30,555.9000244140625,558.9500122070312,549.5250244140625,552.2249755859375,11576876
2015-09-21 00:00:00+05:30,550.0,554.4249877929688,546.25,552.3250122070312,4351234
2015-09-22 00:00:00+05:30,557.5,567.9749755859375,550.5499877929688,553.7249755859375,9626986
2015-09-23 00:00:00+05:30,553.7249755859375,563.1749877929688,548.7249755859375,558.125,4758254
2015-09-24 00:00:00+05:30,556.75,576.3499755859375,555.0,570.2750244140625,13399262
2015-09-28 00:00:00+05:30,569.9749755859375,571.4249877929688,550.5,552.7750244140625,9788464
2015-09-29 00:00:00+05:30,551.0,566.7000122070312,548.75,560.9249877929688,8699370
2015-09-30 00:00:00+05:30,567.2000122070312,584.4749755859375,562.9749755859375,580.9749755859375,9495692
2015-10-01 00:00:00+05:30,584.9500122070312,598.875,580.0,586.5250244140625,10864394
2015-10-05 00:00:00+05:30,586.5,594.6749877929688,581.0,590.875,6881760
2015-10-06 00:00:00+05:30,593.5250244140625,596.2750244140625,574.0499877929688,577.2999877929688,8711880
2015-10-07 00:00:00+05:30,578.0,584.375,564.2249755859375,566.5999755859375,9182488
2015-10-08 00:00:00+05:30,568.2000122070312,574.7999877929688,563.0250244140625,566.0750122070312,9080874
2015-10-09 00:00:00+05:30,568.0,586.4500122070312,568.0,583.7000122070312,11782138
2015-10-12 00:00:00+05:30,599.5,609.9000244140625,554.5,561.4500122070312,30404970
2015-10-13 00:00:00+05:30,553.7249755859375,555.5,542.5999755859375,549.7000122070312,15326862
2015-10-14 00:00:00+05:30,545.7249755859375,557.7750244140625,543.5999755859375,548.7999877929688,8865510
2015-10-15 00:00:00+05:30,549.9500122070312,552.1749877929688,544.5499877929688,548.6749877929688,8255666
2015-10-16 00:00:00+05:30,549.5,550.7000122070312,545.0,547.4500122070312,6418992
2015-10-19 00:00:00+05:30,551.0,558.0,550.25,555.9749755859375,7347494
2015-10-20 00:00:00+05:30,556.5,565.0,555.2999877929688,562.9749755859375,8788310
2015-10-21 00:00:00+05:30,562.5,573.4249877929688,562.5,569.2000122070312,7278098
2015-10-23 00:00:00+05:30,570.9000244140625,576.5,562.5499877929688,574.9500122070312,6033362
2015-10-26 00:00:00+05:30,577.0,579.25,571.5750122070312,576.0750122070312,3195942
2015-10-27 00:00:00+05:30,575.0,577.5,572.0499877929688,574.7000122070312,5263748
2015-10-28 00:00:00+05:30,572.25,579.0,569.5,576.5999755859375,5255472
2015-10-29 00:00:00+05:30,576.5499877929688,577.9500122070312,568.0250244140625,572.5250244140625,5887324
2015-10-30 00:00:00+05:30,572.5,572.5,565.0,567.7249755859375,4044676
2015-11-02 00:00:00+05:30,565.0,567.9000244140625,557.0499877929688,565.5999755859375,3544988
2015-11-03 00:00:00+05:30,566.7000122070312,575.2249755859375,566.7000122070312,572.75,3614682
2015-11-04 00:00:00+05:30,575.0499877929688,578.7999877929688,566.1500244140625,568.4000244140625,3205572
2015-11-05 00:00:00+05:30,571.4749755859375,572.5,559.7000122070312,561.4500122070312,2345306
2015-11-06 00:00:00+05:30,561.5,571.9500122070312,561.4500122070312,569.1500244140625,3026172
2015-11-09 00:00:00+05:30,560.0,570.0,557.5999755859375,567.2999877929688,6125676
2015-11-10 00:00:00+05:30,563.75,563.75,550.0499877929688,551.9249877929688,4680052
2015-11-13 00:00:00+05:30,549.9749755859375,553.0,545.0,550.4000244140625,3520868
2015-11-16 00:00:00+05:30,541.8250122070312,547.0,533.5999755859375,540.0999755859375,6808334
2015-11-17 00:00:00+05:30,540.0,541.4500122070312,526.0,530.75,7184106
2015-11-18 00:00:00+05:30,520.5,522.5750122070312,505.625,510.0,10125252
2015-11-19 00:00:00+05:30,515.125,526.0,511.8999938964844,523.9000244140625,8539622
2015-11-20 00:00:00+05:30,524.0,531.5999755859375,521.0250244140625,526.2000122070312,6082978
2015-11-23 00:00:00+05:30,525.0,531.2000122070312,519.0,526.8499755859375,5616350
2015-11-24 00:00:00+05:30,525.0,525.4000244140625,518.5,520.5750122070312,4325802
2015-11-26 00:00:00+05:30,520.4749755859375,529.75,520.0250244140625,526.2000122070312,9853968
2015-11-27 00:00:00+05:30,529.0,535.0,522.5,533.1749877929688,5142478
2015-11-30 00:00:00+05:30,535.0,549.1500244140625,528.0999755859375,543.9500122070312,18105534
2015-12-01 00:00:00+05:30,544.0,547.5,536.4749755859375,539.5,5898550
2015-12-02 00:00:00+05:30,539.9749755859375,539.9749755859375,529.5,530.3499755859375,6397616
2015-12-03 00:00:00+05:30,530.5,532.4000244140625,524.5250244140625,528.875,5504726
2015-12-04 00:00:00+05:30,524.5,532.4500122070312,520.0499877929688,524.5250244140625,8375530
2015-12-07 00:00:00+05:30,527.6500244140625,529.5,520.0,523.125,4513870
2015-12-08 00:00:00+05:30,522.5250244140625,531.375,519.6500244140625,522.2000122070312,5724372
2015-12-09 00:00:00+05:30,521.5,523.4749755859375,511.2749938964844,514.0999755859375,6818254
2015-12-10 00:00:00+05:30,518.2999877929688,525.7999877929688,515.1500244140625,523.6749877929688,5587746
2015-12-11 00:00:00+05:30,527.0,530.9500122070312,522.9500122070312,526.4000244140625,5390198
2015-12-14 00:00:00+05:30,524.75,536.5750122070312,524.0250244140625,534.75,4816672
2015-12-15 00:00:00+05:30,536.625,539.5499877929688,529.4000244140625,538.7750244140625,5431808
2015-12-16 00:00:00+05:30,541.7000122070312,549.0,541.7000122070312,547.9249877929688,5495852
2015-12-17 00:00:00+05:30,550.0,554.9000244140625,544.0,553.5499877929688,4958782
2015-12-18 00:00:00+05:30,551.7000122070312,551.7000122070312,539.7249755859375,541.5750122070312,7219820
2015-12-21 00:00:00+05:30,538.5,553.7000122070312,532.9749755859375,551.7249755859375,4331012
2015-12-22 00:00:00+05:30,548.7249755859375,548.7249755859375,540.0499877929688,541.875,4109254
2015-12-23 00:00:00+05:30,547.5250244140625,551.25,543.5250244140625,550.4249877929688,2870928
2015-12-24 00:00:00+05:30,551.0250244140625,552.2249755859375,545.0499877929688,548.1749877929688,1230054
2015-12-28 00:00:00+05:30,545.0,555.0,545.0,552.375,5526952
2015-12-29 00:00:00+05:30,550.625,555.0,548.6500244140625,552.3499755859375,3345062
2015-12-30 00:00:00+05:30,550.5499877929688,553.2999877929688,541.5,543.1500244140625,5153970
2015-12-31 00:00:00+05:30,545.0750122070312,554.9749755859375,543.5,552.7000122070312,7943938
2016-01-01 00:00:00+05:30,550.0,554.4749755859375,546.5999755859375,552.625,1806550
2016-01-04 00:00:00+05:30,549.9749755859375,551.2249755859375,538.0250244140625,539.4500122070312,3975362
2016-01-05 00:00:00+05:30,542.75,542.75,531.125,537.0250244140625,4949786
2016-01-06 00:00:00+05:30,537.3250122070312,537.3250122070312,529.4500122070312,534.6749877929688,5588328
2016-01-07 00:00:00+05:30,530.0250244140625,533.9500122070312,523.9500122070312,525.4000244140625,5294088
2016-01-08 00:00:00+05:30,530.75,533.7000122070312,527.75,531.6500244140625,3156716
2016-01-11 00:00:00+05:30,528.1500244140625,534.9749755859375,526.0499877929688,527.8499755859375,5360622
2016-01-12 00:00:00+05:30,531.0,531.4749755859375,515.4249877929688,524.9749755859375,6565212
2016-01-13 00:00:00+05:30,528.5,545.5,524.0499877929688,541.7000122070312,8751294
2016-01-14 00:00:00+05:30,533.0,577.5,527.1749877929688,566.5,30227006
2016-01-15 00:00:00+05:30,574.0,582.0,568.7750244140625,569.9500122070312,13036614
2016-01-18 00:00:00+05:30,569.9500122070312,581.0499877929688,564.1749877929688,565.9500122070312,10066612
2016-01-19 00:00:00+05:30,567.5,579.4749755859375,564.2750244140625,569.8250122070312,7500436
2016-01-20 00:00:00+05:30,567.0,580.0,558.5,560.625,7507998
2016-01-21 00:00:00+05:30,567.5,571.25,561.0,568.5250244140625,6743000
2016-01-22 00:00:00+05:30,574.0499877929688,576.25,565.5,568.125,6436018
2016-01-25 00:00:00+05:30,570.125,573.4249877929688,562.2750244140625,568.8250122070312,4579262
2016-01-27 00:00:00+05:30,573.2249755859375,574.7999877929688,567.5,569.25,6971962
2016-01-28 00:00:00+05:30,568.0,571.2999877929688,563.0999755859375,564.7999877929688,7788598
2016-01-29 00:00:00+05:30,569.0,585.0,565.7999877929688,582.4500122070312,10232108
2016-02-01 00:00:00+05:30,585.0,589.9500122070312,580.7999877929688,586.6749877929688,4251126
2016-02-02 00:00:00+05:30,588.4249877929688,595.0,582.0,587.7750244140625,7632702
2016-02-03 00:00:00+05:30,583.9000244140625,587.9500122070312,576.375,578.8499755859375,5245966
2016-02-04 00:00:00+05:30,580.0250244140625,597.4749755859375,580.0250244140625,589.875,5549346
2016-02-05 00:00:00+05:30,587.75,593.3250122070312,585.9249877929688,587.3499755859375,3984224
2016-02-08 00:00:00+05:30,581.875,586.0999755859375,571.9000244140625,575.4000244140625,4221044
2016-02-09 00:00:00+05:30,564.1500244140625,564.1500244140625,546.75,553.8250122070312,7579572
2016-02-10 00:00:00+05:30,554.0,563.75,552.5,554.2750244140625,5866054
2016-02-11 00:00:00+05:30,555.5,556.5,535.5750122070312,539.3250122070312,5214378
2016-02-12 00:00:00+05:30,547.3499755859375,552.2000122070312,533.5,542.3250122070312,7408096
2016-02-15 00:00:00+05:30,548.125,550.0999755859375,543.2999877929688,545.875,5093478
2016-02-16 00:00:00+05:30,543.5,546.375,536.8499755859375,539.5750122070312,5125448
2016-02-17 00:00:00+05:30,540.875,551.5,538.5,548.9249877929688,4164598
2016-02-18 00:00:00+05:30,550.0,563.5,550.0,561.7000122070312,4189072
2016-02-19 00:00:00+05:30,559.5999755859375,567.0999755859375,556.9249877929688,563.625,3974018
2016-02-22 00:00:00+05:30,565.5,566.9749755859375,557.0250244140625,563.3250122070312,3857010
2016-02-23 00:00:00+05:30,565.125,566.25,558.0250244140625,561.9500122070312,2501960
2016-02-24 00:00:00+05:30,559.75,571.875,559.1749877929688,562.6749877929688,4950714
2016-02-25 00:00:00+05:30,562.7000122070312,565.2999877929688,550.5499877929688,555.1500244140625,4484528
2016-02-26 00:00:00+05:30,560.0750122070312,566.0,558.0,560.5750122070312,4235636
2016-02-29 00:00:00+05:30,564.75,565.2000122070312,534.1500244140625,542.0250244140625,8166076
2016-03-01 00:00:00+05:30,547.4000244140625,565.1500244140625,547.4000244140625,562.7249755859375,6386154
2016-03-02 00:00:00+05:30,568.5250244140625,581.75,562.5,578.0,7214898
2016-03-03 00:00:00+05:30,584.0,596.4249877929688,577.0,584.6500244140625,5814304
2016-03-04 00:00:00+05:30,587.7999877929688,592.5,579.5499877929688,585.3250122070312,4281680
2016-03-08 00:00:00+05:30,581.5,595.25,573.7000122070312,581.7249755859375,7617746
2016-03-09 00:00:00+05:30,572.5,591.875,571.4749755859375,589.25,6305782
2016-03-10 00:00:00+05:30,581.4500122070312,581.4500122070312,569.6749877929688,571.25,24381016
2016-03-11 00:00:00+05:30,573.0999755859375,577.9749755859375,569.0999755859375,571.5,4058548
2016-03-14 00:00:00+05:30,573.0,577.125,569.25,570.5999755859375,4174262
2016-03-15 00:00:00+05:30,572.0,577.25,564.4749755859375,567.2000122070312,6720258
2016-03-16 00:00:00+05:30,570.9500122070312,577.5,565.7750244140625,576.2249755859375,5588850
2016-03-17 00:00:00+05:30,578.4500122070312,584.875,577.0250244140625,580.875,6474622
2016-03-18 00:00:00+05:30,581.4000244140625,599.5,581.0,596.7000122070312,8477422
2016-03-21 00:00:00+05:30,594.0,599.5,590.0250244140625,597.4500122070312,5138392
2016-03-22 00:00:00+05:30,595.625,597.0,586.0,594.9749755859375,7097950
2016-03-23 00:00:00+05:30,595.0,605.3499755859375,591.0499877929688,603.9000244140625,6333176
2016-03-28 00:00:00+05:30,616.2000122070312,618.5,597.875,602.4500122070312,10787510
2016-03-29 00:00:00+05:30,599.5,609.4500122070312,595.7750244140625,598.625,6995356
2016-03-30 00:00:00+05:30,598.7999877929688,605.0,597.7750244140625,602.9749755859375,5756818
2016-03-31 00:00:00+05:30,605.125,614.9500122070312,600.1500244140625,609.1500244140625,17996320
2016-04-01 00:00:00+05:30,608.0,611.0999755859375,597.5499877929688,602.7249755859375,5511428
2016-04-04 00:00:00+05:30,606.7750244140625,624.0,606.7750244140625,621.8499755859375,4577054
2016-04-05 00:00:00+05:30,621.0,621.1500244140625,607.0,609.9000244140625,4790716
2016-04-06 00:00:00+05:30,614.0,614.0,598.0,600.3499755859375,4931354
2016-04-07 00:00:00+05:30,604.2000122070312,604.2000122070312,587.5,590.75,5657890
2016-04-08 00:00:00+05:30,587.9249877929688,588.75,581.0250244140625,582.875,4195578
2016-04-11 00:00:00+05:30,582.9000244140625,593.375,575.5499877929688,591.9500122070312,5768678
2016-04-12 00:00:00+05:30,590.25,597.4500122070312,589.2999877929688,591.0999755859375,5842138
2016-04-13 00:00:00+05:30,597.4749755859375,597.4749755859375,583.1749877929688,586.3499755859375,12511386
2016-04-18 00:00:00+05:30,625.0,633.9500122070312,616.75,619.3499755859375,25015990
2016-04-20 00:00:00+05:30,622.0,623.2249755859375,612.9000244140625,621.7999877929688,8072848
2016-04-21 00:00:00+05:30,625.5,625.5,609.0499877929688,613.1500244140625,5441100
2016-04-22 00:00:00+05:30,613.1500244140625,614.25,603.5,605.625,5143938
2016-04-25 00:00:00+05:30,606.0250244140625,612.4000244140625,600.5499877929688,607.9249877929688,5364134
2016-04-26 00:00:00+05:30,607.7249755859375,619.7750244140625,604.2999877929688,616.0750122070312,5846744
2016-04-27 00:00:00+05:30,614.5999755859375,621.1749877929688,614.2750244140625,620.0750122070312,4486208
2016-04-28 00:00:00+05:30,615.5,619.7999877929688,603.5,604.5750122070312,12165168
2016-04-29 00:00:00+05:30,605.7249755859375,611.7750244140625,602.5,604.0499877929688,5036410
2016-05-02 00:00:00+05:30,605.0,605.5750122070312,598.0750122070312,600.5250244140625,3615250
2016-05-03 00:00:00+05:30,601.375,606.0999755859375,585.9000244140625,588.9000244140625,6824810
2016-05-04 00:00:00+05:30,590.5,596.5,585.3250122070312,594.4249877929688,5812842
2016-05-05 00:00:00+05:30,597.5750122070312,599.5,590.5499877929688,596.2249755859375,6302668
2016-05-06 00:00:00+05:30,594.9000244140625,594.9000244140625,588.5250244140625,590.75,2596720
2016-05-09 00:00:00+05:30,591.0,600.7750244140625,590.2999877929688,599.5250244140625,5123678
2016-05-10 00:00:00+05:30,601.25,608.3250122070312,598.2999877929688,606.4000244140625,3395704
2016-05-11 00:00:00+05:30,599.25,607.3499755859375,596.25,600.9249877929688,3709888
2016-05-12 00:00:00+05:30,601.9500122070312,606.5,598.4000244140625,605.0,3406932
2016-05-13 00:00:00+05:30,603.0,605.0,596.0750122070312,603.625,5652064
2016-05-16 00:00:00+05:30,605.0999755859375,611.8250122070312,602.5,607.5,4533878
2016-05-17 00:00:00+05:30,610.0,612.875,604.0750122070312,607.125,3796294
2016-05-18 00:00:00+05:30,599.5,607.0,598.9500122070312,604.9249877929688,4256596
2016-05-19 00:00:00+05:30,605.4749755859375,608.0750122070312,600.5,602.875,3954400
2016-05-20 00:00:00+05:30,602.5,609.75,600.0,600.7999877929688,3994548
2016-05-23 00:00:00+05:30,601.7000122070312,602.5750122070312,592.5,594.0,4585946
2016-05-24 00:00:00+05:30,595.5250244140625,595.875,588.7999877929688,593.875,3485060
2016-05-25 00:00:00+05:30,597.0499877929688,606.5499877929688,597.0499877929688,604.3250122070312,3857396
2016-05-26 00:00:00+05:30,605.0499877929688,619.9000244140625,605.0499877929688,617.0750122070312,6136436
2016-05-27 00:00:00+05:30,615.7999877929688,629.75,615.7999877929688,623.75,6180764
2016-05-30 00:00:00+05:30,620.75,636.0,620.75,633.7999877929688,5285700
2016-05-31 00:00:00+05:30,632.5,633.375,619.5,624.3250122070312,13782038
2016-06-01 00:00:00+05:30,623.0250244140625,634.25,623.0,629.0999755859375,4840534
2016-06-02 00:00:00+05:30,627.5,637.4500122070312,627.0,630.7750244140625,5053552
2016-06-03 00:00:00+05:30,630.0250244140625,639.6500244140625,630.0250244140625,633.4500122070312,3998380
2016-06-06 00:00:00+05:30,632.4500122070312,638.5,630.5499877929688,633.375,4225768
2016-06-07 00:00:00+05:30,633.5,636.25,627.5499877929688,628.7000122070312,5692420
2016-06-08 00:00:00+05:30,631.9749755859375,631.9749755859375,617.6749877929688,619.0499877929688,8741370
2016-06-09 00:00:00+05:30,613.125,613.125,590.0250244140625,592.75,12740804
2016-06-10 00:00:00+05:30,587.7000122070312,595.0,585.0499877929688,590.2999877929688,6383956
2016-06-13 00:00:00+05:30,588.4000244140625,592.4500122070312,583.0,590.4500122070312,5286722
2016-06-14 00:00:00+05:30,591.2000122070312,591.2000122070312,583.625,587.5,2940728
2016-06-15 00:00:00+05:30,591.8499755859375,596.3250122070312,589.5250244140625,594.9749755859375,6711572
2016-06-16 00:00:00+05:30,594.75,594.75,585.0499877929688,593.0,5302564
2016-06-17 00:00:00+05:30,594.5,596.375,587.5499877929688,589.75,8515082
2016-06-20 00:00:00+05:30,590.5,605.9000244140625,589.8499755859375,604.375,6229566
2016-06-21 00:00:00+05:30,605.5999755859375,607.4000244140625,597.8250122070312,603.0499877929688,4761724
2016-06-22 00:00:00+05:30,602.0,605.9749755859375,594.0750122070312,599.75,3031258
2016-06-23 00:00:00+05:30,598.6500244140625,607.4249877929688,596.6749877929688,605.7999877929688,3828626
2016-06-24 00:00:00+05:30,594.0,599.5,580.0,597.2750244140625,7808348
2016-06-27 00:00:00+05:30,586.0250244140625,591.5999755859375,580.0,583.0999755859375,5583778
2016-06-28 00:00:00+05:30,581.4000244140625,586.25,577.5499877929688,579.5750122070312,7655974
2016-06-29 00:00:00+05:30,584.5,589.9500122070312,580.0999755859375,588.4249877929688,5459150
2016-06-30 00:00:00+05:30,590.25,592.25,583.9749755859375,585.4000244140625,9346224
2016-07-01 00:00:00+05:30,590.0,590.0,585.0499877929688,586.2000122070312,3991912
2016-07-04 00:00:00+05:30,588.0999755859375,597.2999877929688,588.0999755859375,591.9749755859375,5381322
2016-07-05 00:00:00+05:30,592.5,593.75,585.5250244140625,587.7249755859375,3596416
2016-07-07 00:00:00+05:30,584.3499755859375,585.5,577.5,578.625,5954876
2016-07-08 00:00:00+05:30,581.5,583.5,576.75,579.0999755859375,5551648
2016-07-11 00:00:00+05:30,583.7000122070312,589.3499755859375,580.0,587.5250244140625,6668882
2016-07-12 00:00:00+05:30,590.0,590.1749877929688,584.0,588.2750244140625,6197368
2016-07-13 00:00:00+05:30,590.0,597.9000244140625,587.5999755859375,596.9000244140625,5275420
2016-07-14 00:00:00+05:30,597.5,598.0250244140625,582.0,588.125,7413328
2016-07-15 00:00:00+05:30,594.75,594.9500122070312,526.0,536.2750244140625,61484126
2016-07-18 00:00:00+05:30,538.625,542.4500122070312,527.5750122070312,540.9749755859375,14332824
2016-07-19 00:00:00+05:30,544.2999877929688,545.0,537.0499877929688,543.4749755859375,10404644
2016-07-20 00:00:00+05:30,535.0,544.9500122070312,535.0,541.5499877929688,9822896
2016-07-21 00:00:00+05:30,539.5,543.5999755859375,537.7999877929688,539.9500122070312,8668002
2016-07-22 00:00:00+05:30,535.0,539.9500122070312,533.3499755859375,536.2249755859375,9386538
2016-07-25 00:00:00+05:30,531.5,541.625,531.5,540.4249877929688,8469552
2016-07-26 00:00:00+05:30,535.1749877929688,544.9500122070312,535.1749877929688,544.3499755859375,7189610
2016-07-27 00:00:00+05:30,542.3499755859375,548.25,539.2750244140625,542.6749877929688,7431820
2016-07-28 00:00:00+05:30,542.7000122070312,543.4749755859375,537.0250244140625,538.75,11258562
2016-07-29 00:00:00+05:30,536.2999877929688,538.375,533.25,536.9249877929688,8156784
2016-08-01 00:00:00+05:30,535.75,543.9249877929688,534.1749877929688,542.625,9096662
2016-08-02 00:00:00+05:30,539.9500122070312,542.5,537.5,541.9000244140625,6822502
2016-08-03 00:00:00+05:30,542.8250122070312,543.25,535.1500244140625,542.4500122070312,7213460
2016-08-04 00:00:00+05:30,543.2000122070312,543.4500122070312,535.0250244140625,535.9000244140625,4237278
2016-08-05 00:00:00+05:30,536.0,536.7249755859375,530.0,534.0,5609968
2016-08-08 00:00:00+05:30,534.5,540.5,531.2750244140625,539.3499755859375,4643064
2016-08-09 00:00:00+05:30,538.5,542.25,535.75,541.7000122070312,7192664
2016-08-10 00:00:00+05:30,538.0,543.9500122070312,537.5999755859375,541.1749877929688,5576454
2016-08-11 00:00:00+05:30,540.8499755859375,547.5,537.625,538.6749877929688,5038552
2016-08-12 00:00:00+05:30,537.5250244140625,539.4000244140625,530.0,531.2750244140625,7449928
2016-08-16 00:00:00+05:30,521.0,529.0250244140625,514.0,525.9000244140625,16429408
2016-08-17 00:00:00+05:30,524.9749755859375,526.3250122070312,515.25,516.6500244140625,6599316
2016-08-18 00:00:00+05:30,518.25,519.5499877929688,510.75,511.70001220703125,8434000
2016-08-19 00:00:00+05:30,515.0,519.5,509.2250061035156,510.6499938964844,5686016
2016-08-22 00:00:00+05:30,509.0,515.0,504.54998779296875,507.7250061035156,10253518
2016-08-23 00:00:00+05:30,510.04998779296875,521.0,510.04998779296875,519.8250122070312,7406138
2016-08-24 00:00:00+05:30,523.5,531.0250244140625,523.5,528.7000122070312,6129966
2016-08-25 00:00:00+05:30,527.5,528.7999877929688,516.0499877929688,518.0750122070312,4796562
2016-08-26 00:00:00+05:30,518.0,523.0,508.5249938964844,510.125,6881054
2016-08-29 00:00:00+05:30,508.79998779296875,515.0,505.5,511.3999938964844,5220282
2016-08-30 00:00:00+05:30,516.2249755859375,522.5,512.5,520.2000122070312,4375438
2016-08-31 00:00:00+05:30,518.5499877929688,522.875,513.9000244140625,517.9249877929688,11139814
2016-09-01 00:00:00+05:30,519.0,520.2249755859375,516.0,518.7750244140625,2877826
2016-09-02 00:00:00+05:30,519.5250244140625,520.0,513.0999755859375,515.9249877929688,3332592
2016-09-06 00:00:00+05:30,519.125,524.4500122070312,517.7999877929688,522.5,8215044
2016-09-07 00:00:00+05:30,524.0,529.5,522.0,527.1749877929688,7425470
2016-09-08 00:00:00+05:30,522.5,522.5,512.0,518.8250122070312,9092774
2016-09-09 00:00:00+05:30,518.5,520.5,513.2750244140625,517.75,5053438
2016-09-12 00:00:00+05:30,512.625,529.0,512.625,527.0,6203096
2016-09-14 00:00:00+05:30,526.9749755859375,528.9000244140625,520.3250122070312,522.7999877929688,5152418
2016-09-15 00:00:00+05:30,522.7999877929688,523.4000244140625,517.6749877929688,521.0999755859375,4701722
2016-09-16 00:00:00+05:30,524.5,532.25,519.0499877929688,530.0750122070312,9949384
2016-09-19 00:00:00+05:30,523.0,534.4500122070312,520.6749877929688,530.5999755859375,5809154
2016-09-20 00:00:00+05:30,526.6500244140625,528.5750122070312,522.875,525.0750122070312,4214004
2016-09-21 00:00:00+05:30,527.0,530.625,525.5250244140625,527.875,4231532
2016-09-22 00:00:00+05:30,529.5,530.5,526.0,529.4000244140625,3629514
2016-09-23 00:00:00+05:30,528.5,529.4000244140625,520.0,521.2750244140625,5205294
2016-09-26 00:00:00+05:30,521.375,522.0,515.5,517.9500122070312,6371798
2016-09-27 00:00:00+05:30,517.5250244140625,524.9500122070312,516.6749877929688,519.875,6525660
2016-09-28 00:00:00+05:30,520.0,521.1500244140625,516.625,519.4749755859375,5434708
2016-09-29 00:00:00+05:30,522.4749755859375,522.4749755859375,512.0,514.5999755859375,8902638
2016-09-30 00:00:00+05:30,515.5499877929688,521.9500122070312,515.5499877929688,518.0250244140625,6502354
2016-10-03 00:00:00+05:30,517.75,520.0,513.0499877929688,519.0499877929688,3656160
2016-10-04 00:00:00+05:30,520.0,525.7000122070312,519.1500244140625,524.5999755859375,5066586
2016-10-05 00:00:00+05:30,524.5999755859375,524.9249877929688,518.5,520.75,2307574
2016-10-06 00:00:00+05:30,522.5,522.5,512.9749755859375,513.7000122070312,3721882
2016-10-07 00:00:00+05:30,514.9749755859375,516.9000244140625,505.04998779296875,506.2749938964844,6288558
2016-10-10 00:00:00+05:30,508.5,515.875,505.0,514.9749755859375,5413170
2016-10-13 00:00:00+05:30,510.70001220703125,529.0,510.70001220703125,526.1749877929688,9778690
2016-10-14 00:00:00+05:30,526.4500122070312,541.3499755859375,498.125,513.5750122070312,33461690
2016-10-17 00:00:00+05:30,517.4749755859375,520.9000244140625,508.67498779296875,511.20001220703125,8014858
2016-10-18 00:00:00+05:30,515.0,520.25,513.6500244140625,519.5250244140625,6388134
2016-10-19 00:00:00+05:30,521.0,522.8499755859375,518.0,520.9000244140625,3509836
2016-10-20 00:00:00+05:30,522.375,525.3499755859375,516.9000244140625,518.3250122070312,3535490
2016-10-21 00:00:00+05:30,517.5,520.5,511.25,519.1500244140625,3863620
2016-10-24 00:00:00+05:30,518.75,521.3499755859375,512.75,513.5499877929688,2902974
2016-10-25 00:00:00+05:30,518.25,519.4500122070312,507.6000061035156,508.6000061035156,5636014
2016-10-26 00:00:00+05:30,508.5,509.92498779296875,504.6499938964844,507.1000061035156,2775216
2016-10-27 00:00:00+05:30,508.95001220703125,508.9750061035156,500.54998779296875,501.75,7227790
2016-10-28 00:00:00+05:30,502.6000061035156,505.0,496.57501220703125,498.75,5840706
2016-11-01 00:00:00+05:30,503.3999938964844,503.3999938964844,493.20001220703125,494.7250061035156,6332798
2016-11-02 00:00:00+05:30,492.3999938964844,493.75,490.0,490.5249938964844,5377194
2016-11-03 00:00:00+05:30,490.5249938964844,491.0,482.54998779296875,483.42498779296875,5225108
2016-11-04 00:00:00+05:30,483.5,489.6000061035156,480.5,485.5,6005548
2016-11-07 00:00:00+05:30,492.5,493.0,487.5,488.9750061035156,4537672
2016-11-08 00:00:00+05:30,493.45001220703125,493.875,485.29998779296875,491.29998779296875,5261108
2016-11-09 00:00:00+05:30,465.0,487.29998779296875,450.5,479.1499938964844,12764158
2016-11-10 00:00:00+05:30,481.25,481.25,467.5,469.70001220703125,7287330
2016-11-11 00:00:00+05:30,470.0,472.5,459.3500061035156,460.7749938964844,7096782
2016-11-15 00:00:00+05:30,462.0,469.9750061035156,454.2749938964844,461.7749938964844,9235850
2016-11-16 00:00:00+05:30,465.0,478.42498779296875,464.2749938964844,470.45001220703125,12222616
2016-11-17 00:00:00+05:30,467.125,474.5,463.20001220703125,464.8999938964844,5706730
2016-11-18 00:00:00+05:30,465.0,466.625,458.75,460.0,6040228
2016-11-21 00:00:00+05:30,463.45001220703125,463.45001220703125,453.4750061035156,455.54998779296875,7940568
2016-11-22 00:00:00+05:30,458.45001220703125,464.32501220703125,455.82501220703125,457.1000061035156,5483126
2016-11-23 00:00:00+05:30,461.04998779296875,461.45001220703125,456.2250061035156,460.125,8251786
2016-11-24 00:00:00+05:30,464.1000061035156,469.95001220703125,461.6499938964844,465.1499938964844,16780644
2016-11-25 00:00:00+05:30,465.2250061035156,492.5,465.2250061035156,488.75,12631380
2016-11-28 00:00:00+05:30,489.6499938964844,491.7250061035156,485.29998779296875,489.875,7365712
2016-11-29 00:00:00+05:30,489.3999938964844,492.3500061035156,483.54998779296875,486.29998779296875,6125506
2016-11-30 00:00:00+05:30,486.5,488.5,480.5249938964844,487.7749938964844,8500918
2016-12-01 00:00:00+05:30,488.0,491.7749938964844,483.5,487.79998779296875,4611590
2016-12-02 00:00:00+05:30,482.3999938964844,484.79998779296875,480.54998779296875,482.25,4453228
2016-12-05 00:00:00+05:30,482.95001220703125,484.29998779296875,479.0,480.82501220703125,3659576
2016-12-06 00:00:00+05:30,480.8999938964844,489.75,480.82501220703125,483.25,3562110
2016-12-07 00:00:00+05:30,484.0,486.5,480.1000061035156,483.20001220703125,3385980
2016-12-08 00:00:00+05:30,485.0249938964844,493.04998779296875,485.0249938964844,492.32501220703125,5941662
2016-12-09 00:00:00+05:30,492.5,504.07501220703125,490.75,494.67498779296875,8648384
2016-12-12 00:00:00+05:30,491.3999938964844,491.3999938964844,482.6000061035156,488.67498779296875,5345020
2016-12-13 00:00:00+05:30,490.25,496.42498779296875,485.54998779296875,495.1000061035156,4854282
2016-12-14 00:00:00+05:30,495.5,502.4750061035156,492.04998779296875,499.875,5382614
2016-12-15 00:00:00+05:30,498.70001220703125,509.4750061035156,494.5,496.17498779296875,7966416
2016-12-16 00:00:00+05:30,501.8999938964844,504.8500061035156,498.875,502.57501220703125,6436742
2016-12-19 00:00:00+05:30,503.04998779296875,504.125,497.04998779296875,502.32501220703125,4124134
2016-12-20 00:00:00+05:30,501.0,509.5,500.6499938964844,506.07501220703125,7636498
2016-12-21 00:00:00+05:30,508.0,511.0,499.125,500.7749938964844,7343976
2016-12-22 00:00:00+05:30,501.25,503.5,484.75,492.3500061035156,7060054
2016-12-23 00:00:00+05:30,492.45001220703125,503.29998779296875,486.79998779296875,494.2250061035156,7306036
2016-12-26 00:00:00+05:30,494.0,497.0,487.54998779296875,491.375,3213828
2016-12-27 00:00:00+05:30,491.375,500.95001220703125,490.0,499.4750061035156,4912816
2016-12-28 00:00:00+05:30,501.4750061035156,504.8999938964844,497.5,499.25,5476816
2016-12-29 00:00:00+05:30,501.875,504.0,494.07501220703125,496.17498779296875,6240124
2016-12-30 00:00:00+05:30,499.0,506.0,496.375,505.29998779296875,7267768
